{
  "specialized_board": {
    "Mean Accuracy": 0.694,
    "Consensus Shift": 0.10799999999999998,
    "Avg Evidence Overlap": 0.17802222222222222,
    "Total Revision Utility": -9,
    "Mean CARA LLM Score": 4.0386662,
    "Total CARA LLM Cost": 12.122055,
    "Total Cost": 37.199385
  }
}